rtsid key "rtsid" path "/" domain ".apple.com", store string
TheSummit, %7BUS%3D%7Bt%3Da%3Bi%3DR225%3B%7D%3B%7D
BridgeStreet, %7BUS%3D%7Bt%3Da%3Bi%3DR266%3B%7D%3B%7D
Anchorage5thAvenueMall, %7BUS%3D%7Bt%3Da%3Bi%3DR262%3B%7D%3B%7D
ChandlerFashionCenter, %7BUS%3D%7Bt%3Da%3Bi%3DR026%3B%7D%3B%7D
SanTanVillage, %7BUS%3D%7Bt%3Da%3Bi%3DR267%3B%7D%3B%7D
Arrowhead, %7BUS%3D%7Bt%3Da%3Bi%3DR247%3B%7D%3B%7D
ScottsdaleFashionSquare, %7BUS%3D%7Bt%3Da%3Bi%3DR031%3B%7D%3B%7D
ScottsdaleQuarter, %7BUS%3D%7Bt%3Da%3Bi%3DR292%3B%7D%3B%7D
LaEncantada, %7BUS%3D%7Bt%3Da%3Bi%3DR086%3B%7D%3B%7D
ThePromenadeatChenal, %7BUS%3D%7Bt%3Da%3Bi%3DR286%3B%7D%3B%7D
ValleyPlaza, %7BUS%3D%7Bt%3Da%3Bi%3DR550%3B%7D%3B%7D
4thStreet, %7BUS%3D%7Bt%3Da%3Bi%3DR414%3B%7D%3B%7D
BreaMall, %7BUS%3D%7Bt%3Da%3Bi%3DR156%3B%7D%3B%7D
Burlingame, %7BUS%3D%7Bt%3Da%3Bi%3DR029%3B%7D%3B%7D
Topanga, %7BUS%3D%7Bt%3Da%3Bi%3DR189%3B%7D%3B%7D
Carlsbad, %7BUS%3D%7Bt%3Da%3Bi%3DR294%3B%7D%3B%7D
LosCerritos, %7BUS%3D%7Bt%3Da%3Bi%3DR300%3B%7D%3B%7D
OtayRanch, %7BUS%3D%7Bt%3Da%3Bi%3DR213%3B%7D%3B%7D
CorteMadera, %7BUS%3D%7Bt%3Da%3Bi%3DR071%3B%7D%3B%7D
SouthCoastPlaza, %7BUS%3D%7Bt%3Da%3Bi%3DR004%3B%7D%3B%7D
AppleParkVisitorCenter, %7BUS%3D%7Bt%3Da%3Bi%3DR824%3B%7D%3B%7D
InfiniteLoop, %7BUS%3D%7Bt%3Da%3Bi%3DR052%3B%7D%3B%7D
BayStreet, %7BUS%3D%7Bt%3Da%3Bi%3DR057%3B%7D%3B%7D
NorthCounty, %7BUS%3D%7Bt%3Da%3Bi%3DR285%3B%7D%3B%7D
FashionFair, %7BUS%3D%7Bt%3Da%3Bi%3DR236%3B%7D%3B%7D
GlendaleGalleria, %7BUS%3D%7Bt%3Da%3Bi%3DR001%3B%7D%3B%7D
TheAmericanaatBrand, %7BUS%3D%7Bt%3Da%3Bi%3DR451%3B%7D%3B%7D
IrvineSpectrumCenter, %7BUS%3D%7Bt%3Da%3Bi%3DR146%3B%7D%3B%7D
BeverlyCenter, %7BUS%3D%7Bt%3Da%3Bi%3DR124%3B%7D%3B%7D
CenturyCity, %7BUS%3D%7Bt%3Da%3Bi%3DR108%3B%7D%3B%7D
TheGrove, %7BUS%3D%7Bt%3Da%3Bi%3DR050%3B%7D%3B%7D
LosGatos, %7BUS%3D%7Bt%3Da%3Bi%3DR240%3B%7D%3B%7D
ManhattanVillage, %7BUS%3D%7Bt%3Da%3Bi%3DR122%3B%7D%3B%7D
MissionViejo, %7BUS%3D%7Bt%3Da%3Bi%3DR069%3B%7D%3B%7D
VintageFaire, %7BUS%3D%7Bt%3Da%3Bi%3DR322%3B%7D%3B%7D
DelMonte, %7BUS%3D%7Bt%3Da%3Bi%3DR305%3B%7D%3B%7D
FashionIsland, %7BUS%3D%7Bt%3Da%3Bi%3DR015%3B%7D%3B%7D
Northridge, %7BUS%3D%7Bt%3Da%3Bi%3DR023%3B%7D%3B%7D
ElPaseoVillage, %7BUS%3D%7Bt%3Da%3Bi%3DR297%3B%7D%3B%7D
PaloAlto, %7BUS%3D%7Bt%3Da%3Bi%3DR002%3B%7D%3B%7D
StanfordShoppingCenter, %7BUS%3D%7Bt%3Da%3Bi%3DR099%3B%7D%3B%7D
Pasadena, %7BUS%3D%7Bt%3Da%3Bi%3DR034%3B%7D%3B%7D
StoneridgeMall, %7BUS%3D%7Bt%3Da%3Bi%3DR101%3B%7D%3B%7D
VictoriaGardens, %7BUS%3D%7Bt%3Da%3Bi%3DR094%3B%7D%3B%7D
Roseville, %7BUS%3D%7Bt%3Da%3Bi%3DR298%3B%7D%3B%7D
ArdenFair, %7BUS%3D%7Bt%3Da%3Bi%3DR070%3B%7D%3B%7D
FashionValley, %7BUS%3D%7Bt%3Da%3Bi%3DR040%3B%7D%3B%7D
UTC, %7BUS%3D%7Bt%3Da%3Bi%3DR082%3B%7D%3B%7D
ChestnutStreet, %7BUS%3D%7Bt%3Da%3Bi%3DR217%3B%7D%3B%7D
Stonestown, %7BUS%3D%7Bt%3Da%3Bi%3DR033%3B%7D%3B%7D
UnionSquare, %7BUS%3D%7Bt%3Da%3Bi%3DR075%3B%7D%3B%7D
Oakridge, %7BUS%3D%7Bt%3Da%3Bi%3DR105%3B%7D%3B%7D
HigueraStreet, %7BUS%3D%7Bt%3Da%3Bi%3DR199%3B%7D%3B%7D
Hillsdale, %7BUS%3D%7Bt%3Da%3Bi%3DR231%3B%7D%3B%7D
StateStreet, %7BUS%3D%7Bt%3Da%3Bi%3DR317%3B%7D%3B%7D
ValleyFair, %7BUS%3D%7Bt%3Da%3Bi%3DR039%3B%7D%3B%7D
ThirdStreetPromenade, %7BUS%3D%7Bt%3Da%3Bi%3DR051%3B%7D%3B%7D
SantaRosaPlaza, %7BUS%3D%7Bt%3Da%3Bi%3DR044%3B%7D%3B%7D
ShermanOaks, %7BUS%3D%7Bt%3Da%3Bi%3DR148%3B%7D%3B%7D
PromenadeTemecula, %7BUS%3D%7Bt%3Da%3Bi%3DR345%3B%7D%3B%7D
TheOaks, %7BUS%3D%7Bt%3Da%3Bi%3DR154%3B%7D%3B%7D
ValenciaTownCenter, %7BUS%3D%7Bt%3Da%3Bi%3DR462%3B%7D%3B%7D
BroadwayPlaza, %7BUS%3D%7Bt%3Da%3Bi%3DR014%3B%7D%3B%7D
TwentyNinthStreet, %7BUS%3D%7Bt%3Da%3Bi%3DR172%3B%7D%3B%7D
FlatIronCrossing, %7BUS%3D%7Bt%3Da%3Bi%3DR182%3B%7D%3B%7D
ThePromenadeShopsatBriargate, %7BUS%3D%7Bt%3Da%3Bi%3DR338%3B%7D%3B%7D
CherryCreek, %7BUS%3D%7Bt%3Da%3Bi%3DR047%3B%7D%3B%7D
AspenGrove, %7BUS%3D%7Bt%3Da%3Bi%3DR030%3B%7D%3B%7D
ParkMeadows, %7BUS%3D%7Bt%3Da%3Bi%3DR228%3B%7D%3B%7D
DanburyFairMall, %7BUS%3D%7Bt%3Da%3Bi%3DR093%3B%7D%3B%7D
Westfarms, %7BUS%3D%7Bt%3Da%3Bi%3DR025%3B%7D%3B%7D
GreenwichAvenue, %7BUS%3D%7Bt%3Da%3Bi%3DR282%3B%7D%3B%7D
NewHaven, %7BUS%3D%7Bt%3Da%3Bi%3DR446%3B%7D%3B%7D
EvergreenWalk, %7BUS%3D%7Bt%3Da%3Bi%3DR613%3B%7D%3B%7D
Trumbull, %7BUS%3D%7Bt%3Da%3Bi%3DR629%3B%7D%3B%7D
ChristianaMall, %7BUS%3D%7Bt%3Da%3Bi%3DR102%3B%7D%3B%7D
CarnegieLibrary, %7BUS%3D%7Bt%3Da%3Bi%3DR516%3B%7D%3B%7D
Georgetown, %7BUS%3D%7Bt%3Da%3Bi%3DR287%3B%7D%3B%7D
Altamonte, %7BUS%3D%7Bt%3Da%3Bi%3DR291%3B%7D%3B%7D
Aventura, %7BUS%3D%7Bt%3Da%3Bi%3DR087%3B%7D%3B%7D
BocaRaton, %7BUS%3D%7Bt%3Da%3Bi%3DR074%3B%7D%3B%7D
Brandon, %7BUS%3D%7Bt%3Da%3Bi%3DR289%3B%7D%3B%7D
CoconutPoint, %7BUS%3D%7Bt%3Da%3Bi%3DR185%3B%7D%3B%7D
TheGalleria, %7BUS%3D%7Bt%3Da%3Bi%3DR214%3B%7D%3B%7D
St.JohnsTownCenter, %7BUS%3D%7Bt%3Da%3Bi%3DR111%3B%7D%3B%7D
LincolnRoad, %7BUS%3D%7Bt%3Da%3Bi%3DR115%3B%7D%3B%7D
BrickellCityCentre, %7BUS%3D%7Bt%3Da%3Bi%3DR623%3B%7D%3B%7D
Dadeland, %7BUS%3D%7Bt%3Da%3Bi%3DR312%3B%7D%3B%7D
TheFalls, %7BUS%3D%7Bt%3Da%3Bi%3DR012%3B%7D%3B%7D
WatersideShops, %7BUS%3D%7Bt%3Da%3Bi%3DR169%3B%7D%3B%7D
FloridaMall, %7BUS%3D%7Bt%3Da%3Bi%3DR143%3B%7D%3B%7D
Millenia, %7BUS%3D%7Bt%3Da%3Bi%3DR053%3B%7D%3B%7D
TheGardensMall, %7BUS%3D%7Bt%3Da%3Bi%3DR127%3B%7D%3B%7D
UniversityTownCenter, %7BUS%3D%7Bt%3Da%3Bi%3DR615%3B%7D%3B%7D
InternationalPlaza, %7BUS%3D%7Bt%3Da%3Bi%3DR019%3B%7D%3B%7D
WellingtonGreen, %7BUS%3D%7Bt%3Da%3Bi%3DR024%3B%7D%3B%7D
Avalon, %7BUS%3D%7Bt%3Da%3Bi%3DR080%3B%7D%3B%7D
CumberlandMall, %7BUS%3D%7Bt%3Da%3Bi%3DR591%3B%7D%3B%7D
LenoxSquare, %7BUS%3D%7Bt%3Da%3Bi%3DR006%3B%7D%3B%7D
Perimeter, %7BUS%3D%7Bt%3Da%3Bi%3DR184%3B%7D%3B%7D
Augusta, %7BUS%3D%7Bt%3Da%3Bi%3DR364%3B%7D%3B%7D
MallofGeorgia, %7BUS%3D%7Bt%3Da%3Bi%3DR259%3B%7D%3B%7D
AlaMoana, %7BUS%3D%7Bt%3Da%3Bi%3DR073%3B%7D%3B%7D
Kahala, %7BUS%3D%7Bt%3Da%3Bi%3DR210%3B%7D%3B%7D
RoyalHawaiian, %7BUS%3D%7Bt%3Da%3Bi%3DR198%3B%7D%3B%7D
BoiseTowneSquare, %7BUS%3D%7Bt%3Da%3Bi%3DR303%3B%7D%3B%7D
LincolnPark, %7BUS%3D%7Bt%3Da%3Bi%3DR284%3B%7D%3B%7D
MichiganAvenue, %7BUS%3D%7Bt%3Da%3Bi%3DR035%3B%7D%3B%7D
DeerPark, %7BUS%3D%7Bt%3Da%3Bi%3DR258%3B%7D%3B%7D
MainPlace, %7BUS%3D%7Bt%3Da%3Bi%3DR348%3B%7D%3B%7D
Northbrook, %7BUS%3D%7Bt%3Da%3Bi%3DR141%3B%7D%3B%7D
Oakbrook, %7BUS%3D%7Bt%3Da%3Bi%3DR056%3B%7D%3B%7D
OrlandSquareMall, %7BUS%3D%7Bt%3Da%3Bi%3DR237%3B%7D%3B%7D
Woodfield, %7BUS%3D%7Bt%3Da%3Bi%3DR018%3B%7D%3B%7D
OldOrchard, %7BUS%3D%7Bt%3Da%3Bi%3DR089%3B%7D%3B%7D
TheFashionMallatKeystone, %7BUS%3D%7Bt%3Da%3Bi%3DR066%3B%7D%3B%7D
UniversityParkMall, %7BUS%3D%7Bt%3Da%3Bi%3DR360%3B%7D%3B%7D
JordanCreek, %7BUS%3D%7Bt%3Da%3Bi%3DR109%3B%7D%3B%7D
Leawood, %7BUS%3D%7Bt%3Da%3Bi%3DR283%3B%7D%3B%7D
FayetteMall, %7BUS%3D%7Bt%3Da%3Bi%3DR288%3B%7D%3B%7D
Oxmoor, %7BUS%3D%7Bt%3Da%3Bi%3DR264%3B%7D%3B%7D
MallofLouisiana, %7BUS%3D%7Bt%3Da%3Bi%3DR263%3B%7D%3B%7D
LakesideShoppingCenter, %7BUS%3D%7Bt%3Da%3Bi%3DR235%3B%7D%3B%7D
MaineMall, %7BUS%3D%7Bt%3Da%3Bi%3DR307%3B%7D%3B%7D
Annapolis, %7BUS%3D%7Bt%3Da%3Bi%3DR142%3B%7D%3B%7D
BethesdaRow, %7BUS%3D%7Bt%3Da%3Bi%3DR112%3B%7D%3B%7D
MontgomeryMall, %7BUS%3D%7Bt%3Da%3Bi%3DR084%3B%7D%3B%7D
Columbia, %7BUS%3D%7Bt%3Da%3Bi%3DR168%3B%7D%3B%7D
TowsonTownCenter, %7BUS%3D%7Bt%3Da%3Bi%3DR063%3B%7D%3B%7D
BoylstonStreet, %7BUS%3D%7Bt%3Da%3Bi%3DR149%3B%7D%3B%7D
SouthShore, %7BUS%3D%7Bt%3Da%3Bi%3DR110%3B%7D%3B%7D
Burlington, %7BUS%3D%7Bt%3Da%3Bi%3DR155%3B%7D%3B%7D
CambridgeSide, %7BUS%3D%7Bt%3Da%3Bi%3DR021%3B%7D%3B%7D
ChestnutHill, %7BUS%3D%7Bt%3Da%3Bi%3DR076%3B%7D%3B%7D
LegacyPlace, %7BUS%3D%7Bt%3Da%3Bi%3DR346%3B%7D%3B%7D
DerbyStreet, %7BUS%3D%7Bt%3Da%3Bi%3DR137%3B%7D%3B%7D
Holyoke, %7BUS%3D%7Bt%3Da%3Bi%3DR191%3B%7D%3B%7D
MarketStreet, %7BUS%3D%7Bt%3Da%3Bi%3DR011%3B%7D%3B%7D
SolomonPondMall, %7BUS%3D%7Bt%3Da%3Bi%3DR622%3B%7D%3B%7D
Natick, %7BUS%3D%7Bt%3Da%3Bi%3DR232%3B%7D%3B%7D
Briarwood, %7BUS%3D%7Bt%3Da%3Bi%3DR230%3B%7D%3B%7D
PartridgeCreek, %7BUS%3D%7Bt%3Da%3Bi%3DR218%3B%7D%3B%7D
Woodland, %7BUS%3D%7Bt%3Da%3Bi%3DR132%3B%7D%3B%7D
EastwoodTowneCenter, %7BUS%3D%7Bt%3Da%3Bi%3DR616%3B%7D%3B%7D
TwelveOaks, %7BUS%3D%7Bt%3Da%3Bi%3DR041%3B%7D%3B%7D
Somerset, %7BUS%3D%7Bt%3Da%3Bi%3DR055%3B%7D%3B%7D
MallofAmerica, %7BUS%3D%7Bt%3Da%3Bi%3DR007%3B%7D%3B%7D
Southdale, %7BUS%3D%7Bt%3Da%3Bi%3DR054%3B%7D%3B%7D
Uptown, %7BUS%3D%7Bt%3Da%3Bi%3DR272%3B%7D%3B%7D
Ridgedale, %7BUS%3D%7Bt%3Da%3Bi%3DR183%3B%7D%3B%7D
RosedaleCenter, %7BUS%3D%7Bt%3Da%3Bi%3DR022%3B%7D%3B%7D
RenaissanceatColonyPark, %7BUS%3D%7Bt%3Da%3Bi%3DR324%3B%7D%3B%7D
CountryClubPlaza, %7BUS%3D%7Bt%3Da%3Bi%3DR097%3B%7D%3B%7D
SaintLouisGalleria, %7BUS%3D%7Bt%3Da%3Bi%3DR114%3B%7D%3B%7D
WestCounty, %7BUS%3D%7Bt%3Da%3Bi%3DR062%3B%7D%3B%7D
VillagePointe, %7BUS%3D%7Bt%3Da%3Bi%3DR190%3B%7D%3B%7D
FashionShow, %7BUS%3D%7Bt%3Da%3Bi%3DR064%3B%7D%3B%7D
Summerlin, %7BUS%3D%7Bt%3Da%3Bi%3DR650%3B%7D%3B%7D
TheForumShops, %7BUS%3D%7Bt%3Da%3Bi%3DR161%3B%7D%3B%7D
TownSquare, %7BUS%3D%7Bt%3Da%3Bi%3DR219%3B%7D%3B%7D
SummitSierra, %7BUS%3D%7Bt%3Da%3Bi%3DR186%3B%7D%3B%7D
TheMallofNewHampshire, %7BUS%3D%7Bt%3Da%3Bi%3DR631%3B%7D%3B%7D
PheasantLane, %7BUS%3D%7Bt%3Da%3Bi%3DR354%3B%7D%3B%7D
RockinghamPark, %7BUS%3D%7Bt%3Da%3Bi%3DR027%3B%7D%3B%7D
Bridgewater, %7BUS%3D%7Bt%3Da%3Bi%3DR104%3B%7D%3B%7D
CherryHill, %7BUS%3D%7Bt%3Da%3Bi%3DR206%3B%7D%3B%7D
MenloPark, %7BUS%3D%7Bt%3Da%3Bi%3DR067%3B%7D%3B%7D
FreeholdRacewayMall, %7BUS%3D%7Bt%3Da%3Bi%3DR138%3B%7D%3B%7D
QuakerBridge, %7BUS%3D%7Bt%3Da%3Bi%3DR549%3B%7D%3B%7D
Sagemore, %7BUS%3D%7Bt%3Da%3Bi%3DR088%3B%7D%3B%7D
GardenStatePlaza, %7BUS%3D%7Bt%3Da%3Bi%3DR117%3B%7D%3B%7D
Rockaway, %7BUS%3D%7Bt%3Da%3Bi%3DR103%3B%7D%3B%7D
ShortHills, %7BUS%3D%7Bt%3Da%3Bi%3DR043%3B%7D%3B%7D
Willowbrook, %7BUS%3D%7Bt%3Da%3Bi%3DR325%3B%7D%3B%7D
Ticeâ€™sCorner, %7BUS%3D%7Bt%3Da%3Bi%3DR013%3B%7D%3B%7D
ABQUptown, %7BUS%3D%7Bt%3Da%3Bi%3DR177%3B%7D%3B%7D
Crossgates, %7BUS%3D%7Bt%3Da%3Bi%3DR017%3B%7D%3B%7D
DowntownBrooklyn, %7BUS%3D%7Bt%3Da%3Bi%3DR715%3B%7D%3B%7D
Williamsburg, %7BUS%3D%7Bt%3Da%3Bi%3DR594%3B%7D%3B%7D
WaldenGalleria, %7BUS%3D%7Bt%3Da%3Bi%3DR016%3B%7D%3B%7D
QueensCenter, %7BUS%3D%7Bt%3Da%3Bi%3DR612%3B%7D%3B%7D
RooseveltField, %7BUS%3D%7Bt%3Da%3Bi%3DR060%3B%7D%3B%7D
WaltWhitman, %7BUS%3D%7Bt%3Da%3Bi%3DR068%3B%7D%3B%7D
SmithHaven, %7BUS%3D%7Bt%3Da%3Bi%3DR139%3B%7D%3B%7D
Manhasset, %7BUS%3D%7Bt%3Da%3Bi%3DR327%3B%7D%3B%7D
Nanuet, %7BUS%3D%7Bt%3Da%3Bi%3DR046%3B%7D%3B%7D
FifthAvenue, %7BUS%3D%7Bt%3Da%3Bi%3DR095%3B%7D%3B%7D
GrandCentral, %7BUS%3D%7Bt%3Da%3Bi%3DR415%3B%7D%3B%7D
SoHo, %7BUS%3D%7Bt%3Da%3Bi%3DR032%3B%7D%3B%7D
UpperEastSide, %7BUS%3D%7Bt%3Da%3Bi%3DR582%3B%7D%3B%7D
UpperWestSide, %7BUS%3D%7Bt%3Da%3Bi%3DR251%3B%7D%3B%7D
West14thStreet, %7BUS%3D%7Bt%3Da%3Bi%3DR250%3B%7D%3B%7D
WorldTradeCenter, %7BUS%3D%7Bt%3Da%3Bi%3DR654%3B%7D%3B%7D
StatenIsland, %7BUS%3D%7Bt%3Da%3Bi%3DR152%3B%7D%3B%7D
Syracuse, %7BUS%3D%7Bt%3Da%3Bi%3DR107%3B%7D%3B%7D
Eastview, %7BUS%3D%7Bt%3Da%3Bi%3DR140%3B%7D%3B%7D
TheWestchester, %7BUS%3D%7Bt%3Da%3Bi%3DR061%3B%7D%3B%7D
RidgeHill, %7BUS%3D%7Bt%3Da%3Bi%3DR261%3B%7D%3B%7D
NorthlakeMall, %7BUS%3D%7Bt%3Da%3Bi%3DR463%3B%7D%3B%7D
SouthPark, %7BUS%3D%7Bt%3Da%3Bi%3DR083%3B%7D%3B%7D
Southpoint, %7BUS%3D%7Bt%3Da%3Bi%3DR049%3B%7D%3B%7D
FriendlyCenter, %7BUS%3D%7Bt%3Da%3Bi%3DR293%3B%7D%3B%7D
CrabtreeValleyMall, %7BUS%3D%7Bt%3Da%3Bi%3DR116%3B%7D%3B%7D
SummitMall, %7BUS%3D%7Bt%3Da%3Bi%3DR353%3B%7D%3B%7D
TheGreene, %7BUS%3D%7Bt%3Da%3Bi%3DR518%3B%7D%3B%7D
KenwoodTowneCentre, %7BUS%3D%7Bt%3Da%3Bi%3DR028%3B%7D%3B%7D
EastonTownCenter, %7BUS%3D%7Bt%3Da%3Bi%3DR009%3B%7D%3B%7D
PolarisFashionPlace, %7BUS%3D%7Bt%3Da%3Bi%3DR417%3B%7D%3B%7D
FranklinParkMall, %7BUS%3D%7Bt%3Da%3Bi%3DR299%3B%7D%3B%7D
CrockerPark, %7BUS%3D%7Bt%3Da%3Bi%3DR192%3B%7D%3B%7D
Eton, %7BUS%3D%7Bt%3Da%3Bi%3DR081%3B%7D%3B%7D
PennSquare, %7BUS%3D%7Bt%3Da%3Bi%3DR130%3B%7D%3B%7D
WoodlandHills, %7BUS%3D%7Bt%3Da%3Bi%3DR233%3B%7D%3B%7D
PioneerPlace, %7BUS%3D%7Bt%3Da%3Bi%3DR077%3B%7D%3B%7D
BridgeportVillage, %7BUS%3D%7Bt%3Da%3Bi%3DR134%3B%7D%3B%7D
WashingtonSquare, %7BUS%3D%7Bt%3Da%3Bi%3DR090%3B%7D%3B%7D
SuburbanSquare, %7BUS%3D%7Bt%3Da%3Bi%3DR166%3B%7D%3B%7D
KingofPrussia, %7BUS%3D%7Bt%3Da%3Bi%3DR065%3B%7D%3B%7D
ParkCity, %7BUS%3D%7Bt%3Da%3Bi%3DR304%3B%7D%3B%7D
WalnutStreet, %7BUS%3D%7Bt%3Da%3Bi%3DR162%3B%7D%3B%7D
RossPark, %7BUS%3D%7Bt%3Da%3Bi%3DR413%3B%7D%3B%7D
Shadyside, %7BUS%3D%7Bt%3Da%3Bi%3DR096%3B%7D%3B%7D
SouthHillsVillage, %7BUS%3D%7Bt%3Da%3Bi%3DR147%3B%7D%3B%7D
LehighValley, %7BUS%3D%7Bt%3Da%3Bi%3DR281%3B%7D%3B%7D
WillowGrovePark, %7BUS%3D%7Bt%3Da%3Bi%3DR234%3B%7D%3B%7D
ProvidencePlace, %7BUS%3D%7Bt%3Da%3Bi%3DR167%3B%7D%3B%7D
KingStreet, %7BUS%3D%7Bt%3Da%3Bi%3DR318%3B%7D%3B%7D
HaywoodMall, %7BUS%3D%7Bt%3Da%3Bi%3DR355%3B%7D%3B%7D
CoolSpringsGalleria, %7BUS%3D%7Bt%3Da%3Bi%3DR513%3B%7D%3B%7D
SaddleCreek, %7BUS%3D%7Bt%3Da%3Bi%3DR020%3B%7D%3B%7D
WestTownMall, %7BUS%3D%7Bt%3Da%3Bi%3DR203%3B%7D%3B%7D
GreenHills, %7BUS%3D%7Bt%3Da%3Bi%3DR123%3B%7D%3B%7D
BartonCreek, %7BUS%3D%7Bt%3Da%3Bi%3DR085%3B%7D%3B%7D
DomainNORTHSIDE, %7BUS%3D%7Bt%3Da%3Bi%3DR216%3B%7D%3B%7D
GalleriaDallas, %7BUS%3D%7Bt%3Da%3Bi%3DR746%3B%7D%3B%7D
KnoxStreet, %7BUS%3D%7Bt%3Da%3Bi%3DR042%3B%7D%3B%7D
NorthParkCenter, %7BUS%3D%7Bt%3Da%3Bi%3DR144%3B%7D%3B%7D
CieloVistaMall, %7BUS%3D%7Bt%3Da%3Bi%3DR492%3B%7D%3B%7D
UniversityParkVillage, %7BUS%3D%7Bt%3Da%3Bi%3DR316%3B%7D%3B%7D
Baybrook, %7BUS%3D%7Bt%3Da%3Bi%3DR204%3B%7D%3B%7D
HighlandVillage, %7BUS%3D%7Bt%3Da%3Bi%3DR437%3B%7D%3B%7D
HoustonGalleria, %7BUS%3D%7Bt%3Da%3Bi%3DR058%3B%7D%3B%7D
MemorialCity, %7BUS%3D%7Bt%3Da%3Bi%3DR164%3B%7D%3B%7D
WillowbrookMall, %7BUS%3D%7Bt%3Da%3Bi%3DR321%3B%7D%3B%7D
LaCantera, %7BUS%3D%7Bt%3Da%3Bi%3DR131%3B%7D%3B%7D
NorthStar, %7BUS%3D%7Bt%3Da%3Bi%3DR290%3B%7D%3B%7D
SouthlakeTownSquare, %7BUS%3D%7Bt%3Da%3Bi%3DR151%3B%7D%3B%7D
FirstColonyMall, %7BUS%3D%7Bt%3Da%3Bi%3DR205%3B%7D%3B%7D
TheWoodlands, %7BUS%3D%7Bt%3Da%3Bi%3DR126%3B%7D%3B%7D
StationPark, %7BUS%3D%7Bt%3Da%3Bi%3DR599%3B%7D%3B%7D
FashionPlace, %7BUS%3D%7Bt%3Da%3Bi%3DR461%3B%7D%3B%7D
CityCreekCenter, %7BUS%3D%7Bt%3Da%3Bi%3DR125%3B%7D%3B%7D
Clarendon, %7BUS%3D%7Bt%3Da%3Bi%3DR036%3B%7D%3B%7D
PentagonCity, %7BUS%3D%7Bt%3Da%3Bi%3DR129%3B%7D%3B%7D
FairOaks, %7BUS%3D%7Bt%3Da%3Bi%3DR221%3B%7D%3B%7D
TysonsCorner, %7BUS%3D%7Bt%3Da%3Bi%3DR010%3B%7D%3B%7D
MacArthurCenter, %7BUS%3D%7Bt%3Da%3Bi%3DR211%3B%7D%3B%7D
Reston, %7BUS%3D%7Bt%3Da%3Bi%3DR271%3B%7D%3B%7D
ShortPumpTownCenter, %7BUS%3D%7Bt%3Da%3Bi%3DR078%3B%7D%3B%7D
LynnhavenMall, %7BUS%3D%7Bt%3Da%3Bi%3DR614%3B%7D%3B%7D
PotomacTownCenter, %7BUS%3D%7Bt%3Da%3Bi%3DR598%3B%7D%3B%7D
BellevueSquare, %7BUS%3D%7Bt%3Da%3Bi%3DR003%3B%7D%3B%7D
Alderwood, %7BUS%3D%7Bt%3Da%3Bi%3DR100%3B%7D%3B%7D
UniversityVillage, %7BUS%3D%7Bt%3Da%3Bi%3DR072%3B%7D%3B%7D
RiverParkSquare, %7BUS%3D%7Bt%3Da%3Bi%3DR420%3B%7D%3B%7D
TacomaMall, %7BUS%3D%7Bt%3Da%3Bi%3DR339%3B%7D%3B%7D
Southcenter, %7BUS%3D%7Bt%3Da%3Bi%3DR106%3B%7D%3B%7D
Bayshore, %7BUS%3D%7Bt%3Da%3Bi%3DR257%3B%7D%3B%7D
Hilldale, %7BUS%3D%7Bt%3Da%3Bi%3DR229%3B%7D%3B%7D
Mayfair, %7BUS%3D%7Bt%3Da%3Bi%3DR059%3B%7D%3B%7D
